{
  "__type__": "cc.SpriteFrame",
  "content": {
    "name": "0",
    "atlas": "",
    "rect": {
      "x": 0,
      "y": 2,
      "width": 34,
      "height": 43
    },
    "offset": {
      "x": -0.5,
      "y": 1
    },
    "originalSize": {
      "width": 35,
      "height": 49
    },
    "rotated": false,
    "capInsets": [
      0,
      0,
      0,
      0
    ],
    "vertices": {
      "rawPosition": [
        -17,
        -21.5,
        0,
        17,
        -21.5,
        0,
        -17,
        21.5,
        0,
        17,
        21.5,
        0
      ],
      "indexes": [
        0,
        1,
        2,
        2,
        1,
        3
      ],
      "uv": [
        0,
        47,
        34,
        47,
        0,
        4,
        34,
        4
      ],
      "nuv": [
        0,
        0.08163265306122448,
        0.9714285714285714,
        0.08163265306122448,
        0,
        0.9591836734693877,
        0.9714285714285714,
        0.9591836734693877
      ],
      "minPos": {
        "x": -17,
        "y": -21.5,
        "z": 0
      },
      "maxPos": {
        "x": 17,
        "y": 21.5,
        "z": 0
      }
    },
    "texture": "ca424f03-946a-43d7-b6ee-d962bbe539d4@6c48a",
    "packable": true,
    "pixelsToUnit": 100,
    "pivot": {
      "x": 0.5,
      "y": 0.5
    },
    "meshType": 0
  }
}