{
  "__type__": "cc.SpriteFrame",
  "content": {
    "name": "5",
    "atlas": "",
    "rect": {
      "x": 2,
      "y": 3,
      "width": 31,
      "height": 42
    },
    "offset": {
      "x": 0,
      "y": 0.5
    },
    "originalSize": {
      "width": 35,
      "height": 49
    },
    "rotated": false,
    "capInsets": [
      0,
      0,
      0,
      0
    ],
    "vertices": {
      "rawPosition": [
        -15.5,
        -21,
        0,
        15.5,
        -21,
        0,
        -15.5,
        21,
        0,
        15.5,
        21,
        0
      ],
      "indexes": [
        0,
        1,
        2,
        2,
        1,
        3
      ],
      "uv": [
        2,
        46,
        33,
        46,
        2,
        4,
        33,
        4
      ],
      "nuv": [
        0.05714285714285714,
        0.08163265306122448,
        0.9428571428571428,
        0.08163265306122448,
        0.05714285714285714,
        0.9387755102040817,
        0.9428571428571428,
        0.9387755102040817
      ],
      "minPos": {
        "x": -15.5,
        "y": -21,
        "z": 0
      },
      "maxPos": {
        "x": 15.5,
        "y": 21,
        "z": 0
      }
    },
    "texture": "4921a733-a008-4da5-ae61-99be77f498c7@6c48a",
    "packable": true,
    "pixelsToUnit": 100,
    "pivot": {
      "x": 0.5,
      "y": 0.5
    },
    "meshType": 0
  }
}