{
  "__type__": "cc.SpriteFrame",
  "content": {
    "name": "vertigo",
    "atlas": "",
    "rect": {
      "x": 3,
      "y": 4,
      "width": 78,
      "height": 76
    },
    "offset": {
      "x": 1,
      "y": -1
    },
    "originalSize": {
      "width": 82,
      "height": 82
    },
    "rotated": false,
    "capInsets": [
      0,
      0,
      0,
      0
    ],
    "vertices": {
      "rawPosition": [
        -39,
        -38,
        0,
        39,
        -38,
        0,
        -39,
        38,
        0,
        39,
        38,
        0
      ],
      "indexes": [
        0,
        1,
        2,
        2,
        1,
        3
      ],
      "uv": [
        3,
        78,
        81,
        78,
        3,
        2,
        81,
        2
      ],
      "nuv": [
        0.036585365853658534,
        0.024390243902439025,
        0.9878048780487805,
        0.024390243902439025,
        0.036585365853658534,
        0.9512195121951219,
        0.9878048780487805,
        0.9512195121951219
      ],
      "minPos": {
        "x": -39,
        "y": -38,
        "z": 0
      },
      "maxPos": {
        "x": 39,
        "y": 38,
        "z": 0
      }
    },
    "texture": "7332c167-bfba-4f29-a8ab-b83b25acfb88@6c48a",
    "packable": true,
    "pixelsToUnit": 100,
    "pivot": {
      "x": 0.5,
      "y": 0.5
    },
    "meshType": 0
  }
}