{
  "__type__": "cc.SpriteFrame",
  "content": {
    "name": "shop",
    "atlas": "",
    "rect": {
      "x": 3,
      "y": 0,
      "width": 311,
      "height": 232
    },
    "offset": {
      "x": 0.5,
      "y": 0.5
    },
    "originalSize": {
      "width": 316,
      "height": 233
    },
    "rotated": false,
    "capInsets": [
      0,
      0,
      0,
      0
    ],
    "vertices": {
      "rawPosition": [
        -155.5,
        -116,
        0,
        155.5,
        -116,
        0,
        -155.5,
        116,
        0,
        155.5,
        116,
        0
      ],
      "indexes": [
        0,
        1,
        2,
        2,
        1,
        3
      ],
      "uv": [
        3,
        233,
        314,
        233,
        3,
        1,
        314,
        1
      ],
      "nuv": [
        0.00949367088607595,
        0.004291845493562232,
        0.9936708860759493,
        0.004291845493562232,
        0.00949367088607595,
        1,
        0.9936708860759493,
        1
      ],
      "minPos": {
        "x": -155.5,
        "y": -116,
        "z": 0
      },
      "maxPos": {
        "x": 155.5,
        "y": 116,
        "z": 0
      }
    },
    "texture": "2cfc3b6c-bc0f-4474-ab51-37e103ba3549@6c48a",
    "packable": true,
    "pixelsToUnit": 100,
    "pivot": {
      "x": 0.5,
      "y": 0.5
    },
    "meshType": 0
  }
}