{
  "__type__": "cc.SpriteFrame",
  "content": {
    "name": "uieffect_7",
    "atlas": "",
    "rect": {
      "x": 2,
      "y": 198,
      "width": 489,
      "height": 293
    },
    "offset": {
      "x": -9.5,
      "y": -88.5
    },
    "originalSize": {
      "width": 512,
      "height": 512
    },
    "rotated": false,
    "capInsets": [
      0,
      0,
      0,
      0
    ],
    "vertices": {
      "rawPosition": [
        -244.5,
        -146.5,
        0,
        244.5,
        -146.5,
        0,
        -244.5,
        146.5,
        0,
        244.5,
        146.5,
        0
      ],
      "indexes": [
        0,
        1,
        2,
        2,
        1,
        3
      ],
      "uv": [
        2,
        314,
        491,
        314,
        2,
        21,
        491,
        21
      ],
      "nuv": [
        0.00390625,
        0.041015625,
        0.958984375,
        0.041015625,
        0.00390625,
        0.61328125,
        0.958984375,
        0.61328125
      ],
      "minPos": {
        "x": -244.5,
        "y": -146.5,
        "z": 0
      },
      "maxPos": {
        "x": 244.5,
        "y": 146.5,
        "z": 0
      }
    },
    "texture": "306795c1-704a-4247-8666-00d7df74566d@6c48a",
    "packable": true,
    "pixelsToUnit": 100,
    "pivot": {
      "x": 0.5,
      "y": 0.5
    },
    "meshType": 0
  }
}