{
  "__type__": "cc.SpriteFrame",
  "content": {
    "name": "2",
    "atlas": "",
    "rect": {
      "x": 2,
      "y": 2,
      "width": 32,
      "height": 42
    },
    "offset": {
      "x": 0.5,
      "y": 1.5
    },
    "originalSize": {
      "width": 35,
      "height": 49
    },
    "rotated": false,
    "capInsets": [
      0,
      0,
      0,
      0
    ],
    "vertices": {
      "rawPosition": [
        -16,
        -21,
        0,
        16,
        -21,
        0,
        -16,
        21,
        0,
        16,
        21,
        0
      ],
      "indexes": [
        0,
        1,
        2,
        2,
        1,
        3
      ],
      "uv": [
        2,
        47,
        34,
        47,
        2,
        5,
        34,
        5
      ],
      "nuv": [
        0.05714285714285714,
        0.10204081632653061,
        0.9714285714285714,
        0.10204081632653061,
        0.05714285714285714,
        0.9591836734693877,
        0.9714285714285714,
        0.9591836734693877
      ],
      "minPos": {
        "x": -16,
        "y": -21,
        "z": 0
      },
      "maxPos": {
        "x": 16,
        "y": 21,
        "z": 0
      }
    },
    "texture": "55bacc68-377f-49ba-8fb1-12a45a5367f1@6c48a",
    "packable": true,
    "pixelsToUnit": 100,
    "pivot": {
      "x": 0.5,
      "y": 0.5
    },
    "meshType": 0
  }
}