{
  "__type__": "cc.SpriteFrame",
  "content": {
    "name": "bleed",
    "atlas": "",
    "rect": {
      "x": 2,
      "y": 4,
      "width": 19,
      "height": 18
    },
    "offset": {
      "x": -0.5,
      "y": -1
    },
    "originalSize": {
      "width": 24,
      "height": 24
    },
    "rotated": false,
    "capInsets": [
      0,
      0,
      0,
      0
    ],
    "vertices": {
      "rawPosition": [
        -9.5,
        -9,
        0,
        9.5,
        -9,
        0,
        -9.5,
        9,
        0,
        9.5,
        9,
        0
      ],
      "indexes": [
        0,
        1,
        2,
        2,
        1,
        3
      ],
      "uv": [
        2,
        20,
        21,
        20,
        2,
        2,
        21,
        2
      ],
      "nuv": [
        0.08333333333333333,
        0.08333333333333333,
        0.875,
        0.08333333333333333,
        0.08333333333333333,
        0.8333333333333334,
        0.875,
        0.8333333333333334
      ],
      "minPos": {
        "x": -9.5,
        "y": -9,
        "z": 0
      },
      "maxPos": {
        "x": 9.5,
        "y": 9,
        "z": 0
      }
    },
    "texture": "8a93960e-4d26-4386-b360-1e40c03a86ba@6c48a",
    "packable": true,
    "pixelsToUnit": 100,
    "pivot": {
      "x": 0.5,
      "y": 0.5
    },
    "meshType": 0
  }
}