{
  "__type__": "cc.SpriteFrame",
  "content": {
    "name": "time scale",
    "atlas": "",
    "rect": {
      "x": 7,
      "y": 2,
      "width": 139,
      "height": 65
    },
    "offset": {
      "x": -2,
      "y": 2
    },
    "originalSize": {
      "width": 157,
      "height": 73
    },
    "rotated": false,
    "capInsets": [
      0,
      0,
      0,
      0
    ],
    "vertices": {
      "rawPosition": [
        -69.5,
        -32.5,
        0,
        69.5,
        -32.5,
        0,
        -69.5,
        32.5,
        0,
        69.5,
        32.5,
        0
      ],
      "indexes": [
        0,
        1,
        2,
        2,
        1,
        3
      ],
      "uv": [
        7,
        71,
        146,
        71,
        7,
        6,
        146,
        6
      ],
      "nuv": [
        0.044585987261146494,
        0.0821917808219178,
        0.9299363057324841,
        0.0821917808219178,
        0.044585987261146494,
        0.9726027397260274,
        0.9299363057324841,
        0.9726027397260274
      ],
      "minPos": {
        "x": -69.5,
        "y": -32.5,
        "z": 0
      },
      "maxPos": {
        "x": 69.5,
        "y": 32.5,
        "z": 0
      }
    },
    "texture": "2b76bc1a-1eac-4b03-8ddd-324d09eb715f@6c48a",
    "packable": true,
    "pixelsToUnit": 100,
    "pivot": {
      "x": 0.5,
      "y": 0.5
    },
    "meshType": 0
  }
}