{
  "__type__": "cc.SpriteFrame",
  "content": {
    "name": "1",
    "atlas": "",
    "rect": {
      "x": 0,
      "y": 3,
      "width": 35,
      "height": 41
    },
    "offset": {
      "x": 0,
      "y": 1
    },
    "originalSize": {
      "width": 35,
      "height": 49
    },
    "rotated": false,
    "capInsets": [
      0,
      0,
      0,
      0
    ],
    "vertices": {
      "rawPosition": [
        -17.5,
        -20.5,
        0,
        17.5,
        -20.5,
        0,
        -17.5,
        20.5,
        0,
        17.5,
        20.5,
        0
      ],
      "indexes": [
        0,
        1,
        2,
        2,
        1,
        3
      ],
      "uv": [
        0,
        46,
        35,
        46,
        0,
        5,
        35,
        5
      ],
      "nuv": [
        0,
        0.10204081632653061,
        1,
        0.10204081632653061,
        0,
        0.9387755102040817,
        1,
        0.9387755102040817
      ],
      "minPos": {
        "x": -17.5,
        "y": -20.5,
        "z": 0
      },
      "maxPos": {
        "x": 17.5,
        "y": 20.5,
        "z": 0
      }
    },
    "texture": "172813e9-cd6b-4e67-b74f-73d997813fc6@6c48a",
    "packable": true,
    "pixelsToUnit": 100,
    "pivot": {
      "x": 0.5,
      "y": 0.5
    },
    "meshType": 0
  }
}