{
  "__type__": "cc.SpriteFrame",
  "content": {
    "name": "6",
    "atlas": "",
    "rect": {
      "x": 3,
      "y": 3,
      "width": 32,
      "height": 42
    },
    "offset": {
      "x": 1.5,
      "y": 0.5
    },
    "originalSize": {
      "width": 35,
      "height": 49
    },
    "rotated": false,
    "capInsets": [
      0,
      0,
      0,
      0
    ],
    "vertices": {
      "rawPosition": [
        -16,
        -21,
        0,
        16,
        -21,
        0,
        -16,
        21,
        0,
        16,
        21,
        0
      ],
      "indexes": [
        0,
        1,
        2,
        2,
        1,
        3
      ],
      "uv": [
        3,
        46,
        35,
        46,
        3,
        4,
        35,
        4
      ],
      "nuv": [
        0.08571428571428572,
        0.08163265306122448,
        1,
        0.08163265306122448,
        0.08571428571428572,
        0.9387755102040817,
        1,
        0.9387755102040817
      ],
      "minPos": {
        "x": -16,
        "y": -21,
        "z": 0
      },
      "maxPos": {
        "x": 16,
        "y": 21,
        "z": 0
      }
    },
    "texture": "68d778c0-6d60-42a6-a38f-3018e50fbce4@6c48a",
    "packable": true,
    "pixelsToUnit": 100,
    "pivot": {
      "x": 0.5,
      "y": 0.5
    },
    "meshType": 0
  }
}