{
  "__type__": "cc.SpriteFrame",
  "content": {
    "name": "3",
    "atlas": "",
    "rect": {
      "x": 0,
      "y": 2,
      "width": 33,
      "height": 43
    },
    "offset": {
      "x": -1,
      "y": 1
    },
    "originalSize": {
      "width": 35,
      "height": 49
    },
    "rotated": false,
    "capInsets": [
      0,
      0,
      0,
      0
    ],
    "vertices": {
      "rawPosition": [
        -16.5,
        -21.5,
        0,
        16.5,
        -21.5,
        0,
        -16.5,
        21.5,
        0,
        16.5,
        21.5,
        0
      ],
      "indexes": [
        0,
        1,
        2,
        2,
        1,
        3
      ],
      "uv": [
        0,
        47,
        33,
        47,
        0,
        4,
        33,
        4
      ],
      "nuv": [
        0,
        0.08163265306122448,
        0.9428571428571428,
        0.08163265306122448,
        0,
        0.9591836734693877,
        0.9428571428571428,
        0.9591836734693877
      ],
      "minPos": {
        "x": -16.5,
        "y": -21.5,
        "z": 0
      },
      "maxPos": {
        "x": 16.5,
        "y": 21.5,
        "z": 0
      }
    },
    "texture": "3aef042f-8917-409a-9647-457958a0a3e5@6c48a",
    "packable": true,
    "pixelsToUnit": 100,
    "pivot": {
      "x": 0.5,
      "y": 0.5
    },
    "meshType": 0
  }
}