{
  "__type__": "cc.SpriteFrame",
  "content": {
    "name": "7",
    "atlas": "",
    "rect": {
      "x": 1,
      "y": 3,
      "width": 31,
      "height": 41
    },
    "offset": {
      "x": 0.5,
      "y": 1
    },
    "originalSize": {
      "width": 32,
      "height": 49
    },
    "rotated": false,
    "capInsets": [
      0,
      0,
      0,
      0
    ],
    "vertices": {
      "rawPosition": [
        -15.5,
        -20.5,
        0,
        15.5,
        -20.5,
        0,
        -15.5,
        20.5,
        0,
        15.5,
        20.5,
        0
      ],
      "indexes": [
        0,
        1,
        2,
        2,
        1,
        3
      ],
      "uv": [
        1,
        46,
        32,
        46,
        1,
        5,
        32,
        5
      ],
      "nuv": [
        0.03125,
        0.10204081632653061,
        1,
        0.10204081632653061,
        0.03125,
        0.9387755102040817,
        1,
        0.9387755102040817
      ],
      "minPos": {
        "x": -15.5,
        "y": -20.5,
        "z": 0
      },
      "maxPos": {
        "x": 15.5,
        "y": 20.5,
        "z": 0
      }
    },
    "texture": "a8d1eda5-0f3a-491b-a578-d8ee436a3a33@6c48a",
    "packable": true,
    "pixelsToUnit": 100,
    "pivot": {
      "x": 0.5,
      "y": 0.5
    },
    "meshType": 0
  }
}