{
  "__type__": "cc.SpriteFrame",
  "content": {
    "name": "HomeBg",
    "atlas": "",
    "rect": {
      "x": 0,
      "y": 1,
      "width": 1826,
      "height": 588
    },
    "offset": {
      "x": 0,
      "y": -0.5
    },
    "originalSize": {
      "width": 1826,
      "height": 589
    },
    "rotated": false,
    "capInsets": [
      0,
      0,
      0,
      0
    ],
    "vertices": {
      "rawPosition": [
        -913,
        -294,
        0,
        913,
        -294,
        0,
        -913,
        294,
        0,
        913,
        294,
        0
      ],
      "indexes": [
        0,
        1,
        2,
        2,
        1,
        3
      ],
      "uv": [
        0,
        588,
        1826,
        588,
        0,
        0,
        1826,
        0
      ],
      "nuv": [
        0,
        0,
        1,
        0,
        0,
        0.99830220713073,
        1,
        0.99830220713073
      ],
      "minPos": {
        "x": -913,
        "y": -294,
        "z": 0
      },
      "maxPos": {
        "x": 913,
        "y": 294,
        "z": 0
      }
    },
    "texture": "fbfe10ac-730d-4a54-8918-ded134dfae74@6c48a",
    "packable": true,
    "pixelsToUnit": 100,
    "pivot": {
      "x": 0.5,
      "y": 0.5
    },
    "meshType": 0
  }
}