{
  "__type__": "cc.SpriteFrame",
  "content": {
    "name": "9",
    "atlas": "",
    "rect": {
      "x": 0,
      "y": 2,
      "width": 34,
      "height": 42
    },
    "offset": {
      "x": -0.5,
      "y": 1.5
    },
    "originalSize": {
      "width": 35,
      "height": 49
    },
    "rotated": false,
    "capInsets": [
      0,
      0,
      0,
      0
    ],
    "vertices": {
      "rawPosition": [
        -17,
        -21,
        0,
        17,
        -21,
        0,
        -17,
        21,
        0,
        17,
        21,
        0
      ],
      "indexes": [
        0,
        1,
        2,
        2,
        1,
        3
      ],
      "uv": [
        0,
        47,
        34,
        47,
        0,
        5,
        34,
        5
      ],
      "nuv": [
        0,
        0.10204081632653061,
        0.9714285714285714,
        0.10204081632653061,
        0,
        0.9591836734693877,
        0.9714285714285714,
        0.9591836734693877
      ],
      "minPos": {
        "x": -17,
        "y": -21,
        "z": 0
      },
      "maxPos": {
        "x": 17,
        "y": 21,
        "z": 0
      }
    },
    "texture": "53b23ebe-d675-43e9-b3e7-59a9568fda25@6c48a",
    "packable": true,
    "pixelsToUnit": 100,
    "pivot": {
      "x": 0.5,
      "y": 0.5
    },
    "meshType": 0
  }
}