{
  "__type__": "cc.SpriteFrame",
  "content": {
    "name": "skeleton",
    "atlas": "",
    "rect": {
      "x": 2,
      "y": 240,
      "width": 400,
      "height": 162
    },
    "offset": {
      "x": -54,
      "y": -65
    },
    "originalSize": {
      "width": 512,
      "height": 512
    },
    "rotated": false,
    "capInsets": [
      0,
      0,
      0,
      0
    ],
    "vertices": {
      "rawPosition": [
        -200,
        -81,
        0,
        200,
        -81,
        0,
        -200,
        81,
        0,
        200,
        81,
        0
      ],
      "indexes": [
        0,
        1,
        2,
        2,
        1,
        3
      ],
      "uv": [
        2,
        272,
        402,
        272,
        2,
        110,
        402,
        110
      ],
      "nuv": [
        0.00390625,
        0.21484375,
        0.78515625,
        0.21484375,
        0.00390625,
        0.53125,
        0.78515625,
        0.53125
      ],
      "minPos": {
        "x": -200,
        "y": -81,
        "z": 0
      },
      "maxPos": {
        "x": 200,
        "y": 81,
        "z": 0
      }
    },
    "texture": "32955b56-ece6-420f-8905-00d287b5f489@6c48a",
    "packable": true,
    "pixelsToUnit": 100,
    "pivot": {
      "x": 0.5,
      "y": 0.5
    },
    "meshType": 0
  }
}