{
  "__type__": "cc.SpriteFrame",
  "content": {
    "name": "zhangyi",
    "atlas": "",
    "rect": {
      "x": 0,
      "y": 3,
      "width": 274,
      "height": 264
    },
    "offset": {
      "x": -5.5,
      "y": 6.5
    },
    "originalSize": {
      "width": 285,
      "height": 283
    },
    "rotated": false,
    "capInsets": [
      0,
      0,
      0,
      0
    ],
    "vertices": {
      "rawPosition": [
        -137,
        -132,
        0,
        137,
        -132,
        0,
        -137,
        132,
        0,
        137,
        132,
        0
      ],
      "indexes": [
        0,
        1,
        2,
        2,
        1,
        3
      ],
      "uv": [
        0,
        280,
        274,
        280,
        0,
        16,
        274,
        16
      ],
      "nuv": [
        0,
        0.05653710247349823,
        0.9614035087719298,
        0.05653710247349823,
        0,
        0.9893992932862191,
        0.9614035087719298,
        0.9893992932862191
      ],
      "minPos": {
        "x": -137,
        "y": -132,
        "z": 0
      },
      "maxPos": {
        "x": 137,
        "y": 132,
        "z": 0
      }
    },
    "texture": "d7c6f065-4332-4f0a-88b1-7339cfe3babd@6c48a",
    "packable": true,
    "pixelsToUnit": 100,
    "pivot": {
      "x": 0.5,
      "y": 0.5
    },
    "meshType": 0
  }
}