{
  "__type__": "cc.SpriteFrame",
  "content": {
    "name": "promptBorder",
    "atlas": "",
    "rect": {
      "x": 1,
      "y": 2,
      "width": 1294,
      "height": 99
    },
    "offset": {
      "x": -1.5,
      "y": 0
    },
    "originalSize": {
      "width": 1299,
      "height": 103
    },
    "rotated": false,
    "capInsets": [
      0,
      0,
      0,
      0
    ],
    "vertices": {
      "rawPosition": [
        -647,
        -49.5,
        0,
        647,
        -49.5,
        0,
        -647,
        49.5,
        0,
        647,
        49.5,
        0
      ],
      "indexes": [
        0,
        1,
        2,
        2,
        1,
        3
      ],
      "uv": [
        1,
        101,
        1295,
        101,
        1,
        2,
        1295,
        2
      ],
      "nuv": [
        0.0007698229407236335,
        0.019417475728155338,
        0.9969207082371054,
        0.019417475728155338,
        0.0007698229407236335,
        0.9805825242718447,
        0.9969207082371054,
        0.9805825242718447
      ],
      "minPos": {
        "x": -647,
        "y": -49.5,
        "z": 0
      },
      "maxPos": {
        "x": 647,
        "y": 49.5,
        "z": 0
      }
    },
    "texture": "06d47342-02ac-4b95-b5b7-81c0e5dbe9c9@6c48a",
    "packable": true,
    "pixelsToUnit": 100,
    "pivot": {
      "x": 0.5,
      "y": 0.5
    },
    "meshType": 0
  }
}