{
  "__type__": "cc.SpriteFrame",
  "content": {
    "name": "process_border",
    "atlas": "",
    "rect": {
      "x": 5,
      "y": 4,
      "width": 263,
      "height": 35
    },
    "offset": {
      "x": -0.5,
      "y": 0.5
    },
    "originalSize": {
      "width": 274,
      "height": 44
    },
    "rotated": false,
    "capInsets": [
      30,
      10,
      30,
      10
    ],
    "vertices": {
      "rawPosition": [
        -131.5,
        -17.5,
        0,
        131.5,
        -17.5,
        0,
        -131.5,
        17.5,
        0,
        131.5,
        17.5,
        0
      ],
      "indexes": [
        0,
        1,
        2,
        2,
        1,
        3
      ],
      "uv": [
        5,
        40,
        268,
        40,
        5,
        5,
        268,
        5
      ],
      "nuv": [
        0.01824817518248175,
        0.11363636363636363,
        0.9781021897810219,
        0.11363636363636363,
        0.01824817518248175,
        0.9090909090909091,
        0.9781021897810219,
        0.9090909090909091
      ],
      "minPos": {
        "x": -131.5,
        "y": -17.5,
        "z": 0
      },
      "maxPos": {
        "x": 131.5,
        "y": 17.5,
        "z": 0
      }
    },
    "texture": "848e01ec-426e-4ba0-95ee-d4112f1e9c0c@6c48a",
    "packable": true,
    "pixelsToUnit": 100,
    "pivot": {
      "x": 0.5,
      "y": 0.5
    },
    "meshType": 0
  }
}