{
  "__type__": "cc.SpriteFrame",
  "content": {
    "name": "skeleton",
    "atlas": "",
    "rect": {
      "x": 2,
      "y": 2,
      "width": 238,
      "height": 239
    },
    "offset": {
      "x": -7,
      "y": 6.5
    },
    "originalSize": {
      "width": 256,
      "height": 256
    },
    "rotated": false,
    "capInsets": [
      0,
      0,
      0,
      0
    ],
    "vertices": {
      "rawPosition": [
        -119,
        -119.5,
        0,
        119,
        -119.5,
        0,
        -119,
        119.5,
        0,
        119,
        119.5,
        0
      ],
      "indexes": [
        0,
        1,
        2,
        2,
        1,
        3
      ],
      "uv": [
        2,
        254,
        240,
        254,
        2,
        15,
        240,
        15
      ],
      "nuv": [
        0.0078125,
        0.05859375,
        0.9375,
        0.05859375,
        0.0078125,
        0.9921875,
        0.9375,
        0.9921875
      ],
      "minPos": {
        "x": -119,
        "y": -119.5,
        "z": 0
      },
      "maxPos": {
        "x": 119,
        "y": 119.5,
        "z": 0
      }
    },
    "texture": "41486ff4-1182-4c25-8f67-df2cfef9510e@6c48a",
    "packable": true,
    "pixelsToUnit": 100,
    "pivot": {
      "x": 0.5,
      "y": 0.5
    },
    "meshType": 0
  }
}