{
  "__type__": "cc.SpriteFrame",
  "content": {
    "name": "8",
    "atlas": "",
    "rect": {
      "x": 0,
      "y": 2,
      "width": 32,
      "height": 43
    },
    "offset": {
      "x": -1.5,
      "y": 1
    },
    "originalSize": {
      "width": 35,
      "height": 49
    },
    "rotated": false,
    "capInsets": [
      0,
      0,
      0,
      0
    ],
    "vertices": {
      "rawPosition": [
        -16,
        -21.5,
        0,
        16,
        -21.5,
        0,
        -16,
        21.5,
        0,
        16,
        21.5,
        0
      ],
      "indexes": [
        0,
        1,
        2,
        2,
        1,
        3
      ],
      "uv": [
        0,
        47,
        32,
        47,
        0,
        4,
        32,
        4
      ],
      "nuv": [
        0,
        0.08163265306122448,
        0.9142857142857143,
        0.08163265306122448,
        0,
        0.9591836734693877,
        0.9142857142857143,
        0.9591836734693877
      ],
      "minPos": {
        "x": -16,
        "y": -21.5,
        "z": 0
      },
      "maxPos": {
        "x": 16,
        "y": 21.5,
        "z": 0
      }
    },
    "texture": "d39e7f91-1ffd-4608-9712-ed4e0c105d97@6c48a",
    "packable": true,
    "pixelsToUnit": 100,
    "pivot": {
      "x": 0.5,
      "y": 0.5
    },
    "meshType": 0
  }
}