{
  "__type__": "cc.SpriteFrame",
  "content": {
    "name": "skeleton",
    "atlas": "",
    "rect": {
      "x": 2,
      "y": 2,
      "width": 228,
      "height": 284
    },
    "offset": {
      "x": -140,
      "y": 112
    },
    "originalSize": {
      "width": 512,
      "height": 512
    },
    "rotated": false,
    "capInsets": [
      0,
      0,
      0,
      0
    ],
    "vertices": {
      "rawPosition": [
        -114,
        -142,
        0,
        114,
        -142,
        0,
        -114,
        142,
        0,
        114,
        142,
        0
      ],
      "indexes": [
        0,
        1,
        2,
        2,
        1,
        3
      ],
      "uv": [
        2,
        510,
        230,
        510,
        2,
        226,
        230,
        226
      ],
      "nuv": [
        0.00390625,
        0.44140625,
        0.44921875,
        0.44140625,
        0.00390625,
        0.99609375,
        0.44921875,
        0.99609375
      ],
      "minPos": {
        "x": -114,
        "y": -142,
        "z": 0
      },
      "maxPos": {
        "x": 114,
        "y": 142,
        "z": 0
      }
    },
    "texture": "43484123-9383-4425-a34a-e1eb22bf89ff@6c48a",
    "packable": true,
    "pixelsToUnit": 100,
    "pivot": {
      "x": 0.5,
      "y": 0.5
    },
    "meshType": 0
  }
}