{
  "__type__": "cc.SpriteFrame",
  "content": {
    "name": "add",
    "atlas": "",
    "rect": {
      "x": 0,
      "y": 1,
      "width": 54,
      "height": 50
    },
    "offset": {
      "x": 0,
      "y": 0
    },
    "originalSize": {
      "width": 54,
      "height": 52
    },
    "rotated": false,
    "capInsets": [
      0,
      0,
      0,
      0
    ],
    "vertices": {
      "rawPosition": [
        -27,
        -25,
        0,
        27,
        -25,
        0,
        -27,
        25,
        0,
        27,
        25,
        0
      ],
      "indexes": [
        0,
        1,
        2,
        2,
        1,
        3
      ],
      "uv": [
        0,
        51,
        54,
        51,
        0,
        1,
        54,
        1
      ],
      "nuv": [
        0,
        0.019230769230769232,
        1,
        0.019230769230769232,
        0,
        0.9807692307692307,
        1,
        0.9807692307692307
      ],
      "minPos": {
        "x": -27,
        "y": -25,
        "z": 0
      },
      "maxPos": {
        "x": 27,
        "y": 25,
        "z": 0
      }
    },
    "texture": "439c6602-d848-4d06-a8bf-84df5a349c6f@6c48a",
    "packable": true,
    "pixelsToUnit": 100,
    "pivot": {
      "x": 0.5,
      "y": 0.5
    },
    "meshType": 0
  }
}