{
  "__type__": "cc.SpriteFrame",
  "content": {
    "name": "font_title_0",
    "atlas": "",
    "rect": {
      "x": 2,
      "y": 3,
      "width": 2495,
      "height": 2241
    },
    "offset": {
      "x": -0.5,
      "y": 76.5
    },
    "originalSize": {
      "width": 2500,
      "height": 2400
    },
    "rotated": false,
    "capInsets": [
      0,
      0,
      0,
      0
    ],
    "vertices": {
      "rawPosition": [
        -1247.5,
        -1120.5,
        0,
        1247.5,
        -1120.5,
        0,
        -1247.5,
        1120.5,
        0,
        1247.5,
        1120.5,
        0
      ],
      "indexes": [
        0,
        1,
        2,
        2,
        1,
        3
      ],
      "uv": [
        2,
        2397,
        2497,
        2397,
        2,
        156,
        2497,
        156
      ],
      "nuv": [
        0.0008,
        0.065,
        0.9988,
        0.065,
        0.0008,
        0.99875,
        0.9988,
        0.99875
      ],
      "minPos": {
        "x": -1247.5,
        "y": -1120.5,
        "z": 0
      },
      "maxPos": {
        "x": 1247.5,
        "y": 1120.5,
        "z": 0
      }
    },
    "texture": "e3f9ab8b-3930-4d18-99f6-c2487805aa69@6c48a",
    "packable": true,
    "pixelsToUnit": 100,
    "pivot": {
      "x": 0.5,
      "y": 0.5
    },
    "meshType": 0
  }
}