{
  "__type__": "cc.SpriteFrame",
  "content": {
    "name": "wukong_logo-removebg",
    "atlas": "",
    "rect": {
      "x": 9,
      "y": 2,
      "width": 1006,
      "height": 791
    },
    "offset": {
      "x": 0,
      "y": -1
    },
    "originalSize": {
      "width": 1024,
      "height": 793
    },
    "rotated": false,
    "capInsets": [
      0,
      0,
      0,
      0
    ],
    "vertices": {
      "rawPosition": [
        -503,
        -395.5,
        0,
        503,
        -395.5,
        0,
        -503,
        395.5,
        0,
        503,
        395.5,
        0
      ],
      "indexes": [
        0,
        1,
        2,
        2,
        1,
        3
      ],
      "uv": [
        9,
        791,
        1015,
        791,
        9,
        0,
        1015,
        0
      ],
      "nuv": [
        0.0087890625,
        0,
        0.9912109375,
        0,
        0.0087890625,
        0.9974779319041615,
        0.9912109375,
        0.9974779319041615
      ],
      "minPos": {
        "x": -503,
        "y": -395.5,
        "z": 0
      },
      "maxPos": {
        "x": 503,
        "y": 395.5,
        "z": 0
      }
    },
    "texture": "1b0bc858-167f-4d9a-9357-a1572a198631@6c48a",
    "packable": true,
    "pixelsToUnit": 100,
    "pivot": {
      "x": 0.5,
      "y": 0.5
    },
    "meshType": 0
  }
}