{
  "__type__": "cc.SpriteFrame",
  "content": {
    "name": "uieffect_4",
    "atlas": "",
    "rect": {
      "x": 0,
      "y": 0,
      "width": 328,
      "height": 214
    },
    "offset": {
      "x": -92,
      "y": 21
    },
    "originalSize": {
      "width": 512,
      "height": 256
    },
    "rotated": false,
    "capInsets": [
      0,
      0,
      0,
      0
    ],
    "vertices": {
      "rawPosition": [
        -164,
        -107,
        0,
        164,
        -107,
        0,
        -164,
        107,
        0,
        164,
        107,
        0
      ],
      "indexes": [
        0,
        1,
        2,
        2,
        1,
        3
      ],
      "uv": [
        0,
        256,
        328,
        256,
        0,
        42,
        328,
        42
      ],
      "nuv": [
        0,
        0.1640625,
        0.640625,
        0.1640625,
        0,
        1,
        0.640625,
        1
      ],
      "minPos": {
        "x": -164,
        "y": -107,
        "z": 0
      },
      "maxPos": {
        "x": 164,
        "y": 107,
        "z": 0
      }
    },
    "texture": "f4425368-11bb-4541-aeef-1fb1bc27ed6f@6c48a",
    "packable": true,
    "pixelsToUnit": 100,
    "pivot": {
      "x": 0.5,
      "y": 0.5
    },
    "meshType": 0
  }
}